dataset,sample_index,USER_ID,seed,fold,split_role,y_true
dili_multiclass,0,1775,45,8,train,2
dili_multiclass,1,1935,45,8,train,2
dili_multiclass,2,2157,45,8,train,2
dili_multiclass,3,2165,45,8,train,2
dili_multiclass,4,2265,45,8,train,2
dili_multiclass,5,2478,45,8,train,2
dili_multiclass,7,2726,45,8,train,2
dili_multiclass,8,2952,45,8,train,2
dili_multiclass,9,2955,45,8,train,2
dili_multiclass,10,3033,45,8,train,2
dili_multiclass,11,3117,45,8,train,2
dili_multiclass,12,3385,45,8,train,2
dili_multiclass,13,3397,45,8,train,2
dili_multiclass,15,3637,45,8,train,2
dili_multiclass,16,3672,45,8,train,2
dili_multiclass,18,3878,45,8,train,2
dili_multiclass,19,4449,45,8,train,2
dili_multiclass,21,4495,45,8,train,2
dili_multiclass,22,4583,45,8,train,2
dili_multiclass,23,5352,45,8,train,2
dili_multiclass,24,5591,45,8,train,2
dili_multiclass,25,5790,45,8,train,2
dili_multiclass,26,5852,45,8,train,2
dili_multiclass,27,12560,45,8,train,2
dili_multiclass,28,18283,45,8,train,2
dili_multiclass,29,38853,45,8,train,2
dili_multiclass,30,47576,45,8,train,2
dili_multiclass,31,54454,45,8,train,2
dili_multiclass,32,55185,45,8,train,2
dili_multiclass,33,60823,45,8,train,2
dili_multiclass,34,64139,45,8,train,2
dili_multiclass,36,149096,45,8,train,2
dili_multiclass,38,441401,45,8,train,2
dili_multiclass,39,657298,45,8,train,2
dili_multiclass,40,667490,45,8,train,2
dili_multiclass,41,1349907,45,8,train,2
dili_multiclass,42,2723601,45,8,train,2
dili_multiclass,43,5353830,45,8,train,2
dili_multiclass,44,5388906,45,8,train,0
dili_multiclass,45,5464436,45,8,train,1
dili_multiclass,46,9887054,45,8,train,2
dili_multiclass,48,135398739,45,8,train,2
dili_multiclass,49,135401907,45,8,train,2
dili_multiclass,50,938,45,8,train,2
dili_multiclass,51,1983,45,8,train,2
dili_multiclass,52,2244,45,8,train,2
dili_multiclass,53,3007,45,8,train,2
dili_multiclass,54,5161,45,8,train,2
dili_multiclass,56,23925,45,8,train,2
dili_multiclass,57,23978,45,8,train,2
dili_multiclass,58,29051,45,8,train,2
dili_multiclass,59,518740,45,8,train,2
dili_multiclass,60,54675776,45,8,train,2
dili_multiclass,61,298,45,8,train,2
dili_multiclass,62,1302,45,8,train,2
dili_multiclass,63,2082,45,8,train,2
dili_multiclass,64,2160,45,8,train,2
dili_multiclass,65,2333,45,8,train,2
dili_multiclass,66,2520,45,8,train,2
dili_multiclass,67,2662,45,8,train,2
dili_multiclass,68,2733,45,8,train,2
dili_multiclass,69,2756,45,8,train,2
dili_multiclass,70,2764,45,8,train,2
dili_multiclass,71,2907,45,8,train,2
dili_multiclass,72,3114,45,8,train,2
dili_multiclass,73,3226,45,8,train,2
dili_multiclass,75,3339,45,8,train,2
dili_multiclass,76,3365,45,8,train,2
dili_multiclass,77,3559,45,8,train,2
dili_multiclass,78,3696,45,8,train,2
dili_multiclass,79,3763,45,8,train,2
dili_multiclass,80,3821,45,8,train,2
dili_multiclass,82,4091,45,8,train,2
dili_multiclass,83,4485,45,8,train,2
dili_multiclass,84,4594,45,8,train,2
dili_multiclass,85,4763,45,8,train,2
dili_multiclass,86,4917,45,8,train,2
dili_multiclass,87,5002,45,8,train,2
dili_multiclass,88,5206,45,8,train,2
dili_multiclass,89,5291,45,8,train,2
dili_multiclass,90,5394,45,8,train,2
dili_multiclass,91,5402,45,8,train,2
dili_multiclass,92,5426,45,8,train,2
dili_multiclass,93,5452,45,8,train,2
dili_multiclass,94,5533,45,8,train,2
dili_multiclass,95,5646,45,8,train,2
dili_multiclass,97,6196,45,8,train,2
dili_multiclass,98,8549,45,8,train,2
dili_multiclass,99,18381,45,8,train,2
dili_multiclass,100,29029,45,8,train,2
dili_multiclass,101,33613,45,8,train,2
dili_multiclass,102,35370,45,8,train,2
dili_multiclass,103,43672,45,8,train,2
dili_multiclass,104,43815,45,8,train,2
dili_multiclass,105,44093,45,8,train,2
dili_multiclass,106,53232,45,8,train,2
dili_multiclass,107,54687,45,8,train,2
dili_multiclass,108,55283,45,8,train,2
dili_multiclass,109,56069,45,8,train,2
dili_multiclass,110,60606,45,8,train,2
dili_multiclass,111,60835,45,8,train,2
dili_multiclass,112,60838,45,8,train,2
dili_multiclass,114,71616,45,8,train,2
dili_multiclass,115,84029,45,8,train,2
dili_multiclass,116,123631,45,8,train,2
dili_multiclass,118,176870,45,8,train,2
dili_multiclass,120,216239,45,8,train,2
dili_multiclass,121,441141,45,8,train,2
dili_multiclass,122,441184,45,8,train,2
dili_multiclass,123,1548972,45,8,train,2
dili_multiclass,124,2733526,45,8,train,2
dili_multiclass,125,3001055,45,8,train,2
dili_multiclass,126,3081884,45,8,train,2
dili_multiclass,127,5281040,45,8,train,2
dili_multiclass,128,5284537,45,8,train,2
dili_multiclass,129,5329102,45,8,train,2
dili_multiclass,130,5362032,45,8,train,2
dili_multiclass,131,5362119,45,8,train,2
dili_multiclass,132,6439133,45,8,train,2
dili_multiclass,133,9875401,45,8,train,2
dili_multiclass,134,11167602,45,8,train,2
dili_multiclass,135,54671203,45,8,train,2
dili_multiclass,136,54676228,45,8,train,2
dili_multiclass,137,135398737,45,8,train,2
dili_multiclass,138,135398738,45,8,train,2
dili_multiclass,139,4053,45,8,train,2
dili_multiclass,140,5746,45,8,train,2
dili_multiclass,141,444,45,8,train,1
dili_multiclass,142,1978,45,8,train,1
dili_multiclass,143,2019,45,8,train,1
dili_multiclass,145,2162,45,8,train,1
dili_multiclass,146,2187,45,8,train,1
dili_multiclass,147,2541,45,8,train,1
dili_multiclass,148,2678,45,8,train,1
dili_multiclass,149,2771,45,8,train,1
dili_multiclass,150,2913,45,8,train,1
dili_multiclass,151,3308,45,8,train,1
dili_multiclass,152,3325,45,8,train,1
dili_multiclass,153,3356,45,8,train,1
dili_multiclass,154,3372,45,8,train,1
dili_multiclass,155,3386,45,8,train,1
dili_multiclass,156,3394,45,8,train,1
dili_multiclass,158,3463,45,8,train,1
dili_multiclass,159,3652,45,8,train,1
dili_multiclass,160,3657,45,8,train,1
dili_multiclass,161,3675,45,8,train,1
dili_multiclass,162,3715,45,8,train,1
dili_multiclass,163,3749,45,8,train,1
dili_multiclass,164,3825,45,8,train,1
dili_multiclass,165,3869,45,8,train,1
dili_multiclass,166,3883,45,8,train,1
dili_multiclass,167,3961,45,8,train,1
dili_multiclass,168,4168,45,8,train,1
dili_multiclass,170,4178,45,8,train,1
dili_multiclass,171,4205,45,8,train,1
dili_multiclass,172,4493,45,8,train,1
dili_multiclass,173,4539,45,8,train,1
dili_multiclass,174,4543,45,8,train,1
dili_multiclass,175,4614,45,8,train,1
dili_multiclass,176,4679,45,8,train,1
dili_multiclass,177,4829,45,8,train,1
dili_multiclass,178,4913,45,8,train,1
dili_multiclass,179,5070,45,8,train,1
dili_multiclass,181,5090,45,8,train,1
dili_multiclass,182,5487,45,8,train,1
dili_multiclass,183,5717,45,8,train,1
dili_multiclass,185,6253,45,8,train,1
dili_multiclass,186,8982,45,8,train,1
dili_multiclass,187,14956,45,8,train,1
dili_multiclass,188,21844,45,8,train,1
dili_multiclass,189,34312,45,8,train,1
dili_multiclass,190,36462,45,8,train,1
dili_multiclass,191,39186,45,8,train,1
dili_multiclass,192,42113,45,8,train,1
dili_multiclass,193,54841,45,8,train,1
dili_multiclass,194,60198,45,8,train,1
dili_multiclass,195,60750,45,8,train,1
dili_multiclass,196,60854,45,8,train,1
dili_multiclass,197,65140,45,8,train,1
dili_multiclass,198,65404,45,8,train,1
dili_multiclass,199,65628,45,8,train,1
dili_multiclass,200,77999,45,8,train,1
dili_multiclass,201,93860,45,8,train,1
dili_multiclass,202,104865,45,8,train,1
dili_multiclass,203,134018,45,8,train,1
dili_multiclass,204,148124,45,8,train,1
dili_multiclass,205,150311,45,8,train,1
dili_multiclass,206,208898,45,8,train,1
dili_multiclass,208,383414,45,8,train,1
dili_multiclass,209,392622,45,8,train,1
dili_multiclass,210,439492,45,8,train,1
dili_multiclass,211,441140,45,8,train,1
dili_multiclass,212,441203,45,8,train,1
dili_multiclass,213,441341,45,8,train,1
dili_multiclass,214,464205,45,8,train,1
dili_multiclass,215,667477,45,8,train,1
dili_multiclass,216,3034010,45,8,train,1
dili_multiclass,217,4659569,45,8,train,1
dili_multiclass,219,5284627,45,8,train,1
dili_multiclass,220,5310966,45,8,train,1
dili_multiclass,221,5352062,45,8,train,1
dili_multiclass,222,5362129,45,8,train,1
dili_multiclass,223,5362440,45,8,train,1
dili_multiclass,224,5493444,45,8,train,1
dili_multiclass,225,6435893,45,8,train,1
dili_multiclass,227,6437841,45,8,train,1
dili_multiclass,228,9853053,45,8,train,1
dili_multiclass,229,10113978,45,8,train,1
dili_multiclass,230,11626560,45,8,train,1
dili_multiclass,231,16129629,45,8,train,1
dili_multiclass,232,24776445,45,8,train,1
dili_multiclass,233,25126798,45,8,train,1
dili_multiclass,234,54677470,45,8,train,1
dili_multiclass,236,135398744,45,8,train,1
dili_multiclass,237,4158,45,8,train,1
dili_multiclass,238,6468,45,8,train,1
dili_multiclass,240,247,45,8,train,0
dili_multiclass,241,896,45,8,train,0
dili_multiclass,242,942,45,8,train,0
dili_multiclass,243,2130,45,8,train,0
dili_multiclass,244,2153,45,8,train,0
dili_multiclass,245,2170,45,8,train,0
dili_multiclass,246,2369,45,8,train,0
dili_multiclass,247,2381,45,8,train,0
dili_multiclass,248,2391,45,8,train,0
dili_multiclass,250,2477,45,8,train,0
dili_multiclass,251,2564,45,8,train,0
dili_multiclass,252,2576,45,8,train,0
dili_multiclass,253,2707,45,8,train,0
dili_multiclass,254,2754,45,8,train,0
dili_multiclass,255,2789,45,8,train,0
dili_multiclass,256,2794,45,8,train,0
dili_multiclass,257,2803,45,8,train,0
dili_multiclass,258,2812,45,8,train,0
dili_multiclass,259,2973,45,8,train,0
dili_multiclass,260,3080,45,8,train,0
dili_multiclass,261,3100,45,8,train,0
dili_multiclass,262,3162,45,8,train,0
dili_multiclass,263,3261,45,8,train,0
dili_multiclass,264,3324,45,8,train,0
dili_multiclass,265,3333,45,8,train,0
dili_multiclass,267,3348,45,8,train,0
dili_multiclass,268,3467,45,8,train,0
dili_multiclass,269,3519,45,8,train,0
dili_multiclass,270,3599,45,8,train,0
dili_multiclass,271,3658,45,8,train,0
dili_multiclass,272,3784,45,8,train,0
dili_multiclass,273,3911,45,8,train,0
dili_multiclass,274,3958,45,8,train,0
dili_multiclass,275,4033,45,8,train,0
dili_multiclass,276,4034,45,8,train,0
dili_multiclass,277,4107,45,8,train,0
dili_multiclass,278,4192,45,8,train,0
dili_multiclass,279,4201,45,8,train,0
dili_multiclass,280,4236,45,8,train,0
dili_multiclass,282,4499,45,8,train,0
dili_multiclass,283,4601,45,8,train,0
dili_multiclass,284,4616,45,8,train,0
dili_multiclass,286,4828,45,8,train,0
dili_multiclass,287,4908,45,8,train,0
dili_multiclass,289,4946,45,8,train,0
dili_multiclass,290,4999,45,8,train,0
dili_multiclass,291,5071,45,8,train,0
dili_multiclass,292,5253,45,8,train,0
dili_multiclass,293,5311,45,8,train,0
dili_multiclass,295,5401,45,8,train,0
dili_multiclass,296,5719,45,8,train,0
dili_multiclass,297,5732,45,8,train,0
dili_multiclass,298,5770,45,8,train,0
dili_multiclass,299,5918,45,8,train,0
dili_multiclass,300,6005,45,8,train,0
dili_multiclass,301,6037,45,8,train,0
dili_multiclass,302,6047,45,8,train,0
dili_multiclass,303,6167,45,8,train,0
dili_multiclass,305,6726,45,8,train,0
dili_multiclass,306,6832,45,8,train,0
dili_multiclass,307,7029,45,8,train,0
dili_multiclass,308,7077,45,8,train,0
dili_multiclass,309,8969,45,8,train,0
dili_multiclass,310,9354,45,8,train,0
dili_multiclass,311,9651,45,8,train,0
dili_multiclass,312,12035,45,8,train,0
dili_multiclass,313,14985,45,8,train,0
dili_multiclass,314,15459,45,8,train,0
dili_multiclass,315,16362,45,8,train,0
dili_multiclass,316,16960,45,8,train,0
dili_multiclass,317,20279,45,8,train,0
dili_multiclass,318,23994,45,8,train,0
dili_multiclass,319,26757,45,8,train,0
dili_multiclass,321,28486,45,8,train,0
dili_multiclass,322,33624,45,8,train,0
dili_multiclass,323,37464,45,8,train,0
dili_multiclass,324,37768,45,8,train,0
dili_multiclass,325,39147,45,8,train,0
dili_multiclass,326,41684,45,8,train,0
dili_multiclass,327,51634,45,8,train,0
dili_multiclass,328,57363,45,8,train,0
dili_multiclass,329,59227,45,8,train,0
dili_multiclass,330,59768,45,8,train,0
dili_multiclass,331,59868,45,8,train,0
dili_multiclass,332,60613,45,8,train,0
dili_multiclass,333,60648,45,8,train,0
dili_multiclass,334,60795,45,8,train,0
dili_multiclass,335,60825,45,8,train,0
dili_multiclass,336,60855,45,8,train,0
dili_multiclass,337,62816,45,8,train,0
dili_multiclass,338,63006,45,8,train,0
dili_multiclass,339,71158,45,8,train,0
dili_multiclass,340,71301,45,8,train,0
dili_multiclass,341,71329,45,8,train,0
dili_multiclass,342,71360,45,8,train,0
dili_multiclass,343,71433,45,8,train,0
dili_multiclass,344,71815,45,8,train,0
dili_multiclass,345,83898,45,8,train,0
dili_multiclass,346,115237,45,8,train,0
dili_multiclass,347,115355,45,8,train,0
dili_multiclass,348,121396,45,8,train,0
dili_multiclass,349,132999,45,8,train,0
dili_multiclass,350,152945,45,8,train,0
dili_multiclass,351,159269,45,8,train,0
dili_multiclass,352,160051,45,8,train,0
dili_multiclass,353,174174,45,8,train,0
dili_multiclass,354,197712,45,8,train,0
dili_multiclass,355,213046,45,8,train,0
dili_multiclass,356,441281,45,8,train,0
dili_multiclass,357,441314,45,8,train,0
dili_multiclass,358,443940,45,8,train,0
dili_multiclass,359,445154,45,8,train,0
dili_multiclass,360,449193,45,8,train,0
dili_multiclass,361,636380,45,8,train,0
dili_multiclass,362,656719,45,8,train,0
dili_multiclass,363,708857,45,8,train,0
dili_multiclass,364,969472,45,8,train,0
dili_multiclass,365,3000502,45,8,train,0
dili_multiclass,366,3052762,45,8,train,0
dili_multiclass,367,3052776,45,8,train,0
dili_multiclass,368,3086319,45,8,train,0
dili_multiclass,369,5282443,45,8,train,0
dili_multiclass,370,5284514,45,8,train,0
dili_multiclass,371,5284594,45,8,train,0
dili_multiclass,372,5284596,45,8,train,0
dili_multiclass,373,5311454,45,8,train,0
dili_multiclass,374,5742832,45,8,train,0
dili_multiclass,376,6918837,45,8,train,0
dili_multiclass,377,9854012,45,8,train,0
dili_multiclass,378,9865528,45,8,train,0
dili_multiclass,379,9924495,45,8,train,0
dili_multiclass,380,10220503,45,8,train,0
dili_multiclass,381,11658860,45,8,train,0
dili_multiclass,382,11953884,45,8,train,0
dili_multiclass,384,16129703,45,8,train,0
dili_multiclass,385,16130199,45,8,train,0
dili_multiclass,386,16132446,45,8,train,0
dili_multiclass,387,16133850,45,8,train,0
dili_multiclass,388,16137828,45,8,train,0
dili_multiclass,389,23673837,45,8,train,0
dili_multiclass,390,25077179,45,8,train,0
dili_multiclass,391,44151801,45,8,train,0
dili_multiclass,392,54678501,45,8,train,0
dili_multiclass,393,135398740,45,8,train,0
dili_multiclass,394,135413536,45,8,train,0
dili_multiclass,395,220495,45,8,train,0
dili_multiclass,396,2782115,45,8,train,0
dili_multiclass,397,11561674,45,8,train,0
dili_multiclass,398,10034073,45,8,train,0
dili_multiclass,399,10071196,45,8,train,0
dili_multiclass,400,10077130,45,8,train,0
dili_multiclass,401,10311306,45,8,train,0
dili_multiclass,403,11250647,45,8,train,0
dili_multiclass,404,11304743,45,8,train,0
dili_multiclass,405,115358,45,8,train,0
dili_multiclass,406,11753673,45,8,train,0
dili_multiclass,408,121892,45,8,train,0
dili_multiclass,409,124081876,45,8,train,0
dili_multiclass,410,12684604,45,8,train,0
dili_multiclass,411,131682,45,8,train,0
dili_multiclass,412,154234,45,8,train,0
dili_multiclass,413,1548994,45,8,train,0
dili_multiclass,414,15951529,45,8,train,0
dili_multiclass,415,16078,45,8,train,0
dili_multiclass,417,176077,45,8,train,0
dili_multiclass,418,1794427,45,8,train,0
dili_multiclass,419,23652731,45,8,train,0
dili_multiclass,421,24965990,45,8,train,0
dili_multiclass,423,36511,45,8,train,0
dili_multiclass,424,4021,45,8,train,0
dili_multiclass,425,42613186,45,8,train,0
dili_multiclass,426,45138674,45,8,train,0
dili_multiclass,427,4775,45,8,train,0
dili_multiclass,428,49846579,45,8,train,0
dili_multiclass,429,5280483,45,8,train,0
dili_multiclass,430,53465279,45,8,train,0
dili_multiclass,431,5460135,45,8,train,0
dili_multiclass,432,5462328,45,8,train,0
dili_multiclass,433,54732242,45,8,train,0
dili_multiclass,434,5484725,45,8,train,0
dili_multiclass,435,56842239,45,8,train,0
dili_multiclass,436,56843331,45,8,train,0
dili_multiclass,437,56959087,45,8,train,0
dili_multiclass,438,6018,45,8,train,0
dili_multiclass,439,6324616,45,8,train,0
dili_multiclass,441,65305,45,8,train,0
dili_multiclass,442,70693500,45,8,train,0
dili_multiclass,443,90472060,45,8,train,0
dili_multiclass,444,92786,45,8,train,0
dili_multiclass,445,936,45,8,train,0
dili_multiclass,446,9837243,45,8,train,0
dili_multiclass,448,401,45,8,train,0
dili_multiclass,449,2123,45,8,train,0
dili_multiclass,450,2578,45,8,train,0
dili_multiclass,451,2895,45,8,train,0
dili_multiclass,452,2972,45,8,train,0
dili_multiclass,453,3108,45,8,train,0
dili_multiclass,454,3157,45,8,train,0
dili_multiclass,455,3291,45,8,train,0
dili_multiclass,456,3759,45,8,train,0
dili_multiclass,458,3957,45,8,train,0
dili_multiclass,459,4064,45,8,train,0
dili_multiclass,460,4211,45,8,train,0
dili_multiclass,461,4409,45,8,train,0
dili_multiclass,462,4893,45,8,train,0
dili_multiclass,464,4923,45,8,train,0
dili_multiclass,465,4976,45,8,train,0
dili_multiclass,466,5479,45,8,train,0
dili_multiclass,467,5556,45,8,train,0
dili_multiclass,469,5583,45,8,train,0
dili_multiclass,470,5625,45,8,train,0
dili_multiclass,473,10133,45,8,train,0
dili_multiclass,474,30323,45,8,train,0
dili_multiclass,475,30751,45,8,train,0
dili_multiclass,476,37542,45,8,train,0
dili_multiclass,477,47811,45,8,train,0
dili_multiclass,478,54892,45,8,train,0
dili_multiclass,479,60026,45,8,train,0
dili_multiclass,480,60879,45,8,train,0
dili_multiclass,481,60953,45,8,train,0
dili_multiclass,482,65999,45,8,train,0
dili_multiclass,483,71349,45,8,train,0
dili_multiclass,484,73303,45,8,train,0
dili_multiclass,485,91270,45,8,train,0
dili_multiclass,488,107807,45,8,train,0
dili_multiclass,489,107970,45,8,train,0
dili_multiclass,491,132971,45,8,train,0
dili_multiclass,492,147912,45,8,train,0
dili_multiclass,493,148121,45,8,train,0
dili_multiclass,494,150310,45,8,train,0
dili_multiclass,495,150610,45,8,train,0
dili_multiclass,496,208902,45,8,train,0
dili_multiclass,497,451668,45,8,train,0
dili_multiclass,498,3010818,45,8,train,0
dili_multiclass,499,3011155,45,8,train,0
dili_multiclass,500,3081361,45,8,train,0
dili_multiclass,501,5312125,45,8,train,0
dili_multiclass,502,5360515,45,8,train,0
dili_multiclass,503,5462516,45,8,train,2
dili_multiclass,504,5486971,45,8,train,1
dili_multiclass,505,6442177,45,8,train,0
dili_multiclass,506,6445540,45,8,train,0
dili_multiclass,507,6450551,45,8,train,0
dili_multiclass,508,6918314,45,8,train,0
dili_multiclass,509,9854073,45,8,train,0
dili_multiclass,510,9869929,45,8,train,0
dili_multiclass,511,9915743,45,8,train,0
dili_multiclass,512,9926791,45,8,train,0
dili_multiclass,513,9966051,45,8,train,0
dili_multiclass,514,10324367,45,8,train,0
dili_multiclass,515,11354606,45,8,train,0
dili_multiclass,516,11450633,45,8,train,0
dili_multiclass,517,11707110,45,8,train,0
dili_multiclass,518,16004692,45,8,train,0
dili_multiclass,519,24826799,45,8,train,0
dili_multiclass,520,25084151,45,8,train,0
dili_multiclass,521,25102847,45,8,train,0
dili_multiclass,522,25154714,45,8,train,0
dili_multiclass,523,42611257,45,8,train,0
dili_multiclass,524,44462760,45,8,train,0
dili_multiclass,525,45375808,45,8,train,0
dili_multiclass,526,49800073,45,8,train,0
dili_multiclass,527,54671008,45,8,train,0
dili_multiclass,528,54680690,45,8,train,0
dili_multiclass,529,54686904,45,8,train,0
dili_multiclass,531,135398508,45,8,train,0
dili_multiclass,532,135400189,45,8,train,0
dili_multiclass,533,135403821,45,8,train,0
dili_multiclass,534,135409400,45,8,train,0
dili_multiclass,535,135410875,45,8,train,0
dili_multiclass,536,24872560,45,8,train,0
dili_multiclass,537,46220502,45,8,train,0
dili_multiclass,538,10275777,45,8,train,0
dili_multiclass,539,10280735,45,8,train,0
dili_multiclass,541,11234049,45,8,train,0
dili_multiclass,544,135423438,45,8,train,0
dili_multiclass,545,135565082,45,8,train,0
dili_multiclass,546,135565596,45,8,train,0
dili_multiclass,547,1727,45,8,train,0
dili_multiclass,548,237,45,8,train,0
dili_multiclass,549,24775005,45,8,train,0
dili_multiclass,550,24958200,45,8,train,0
dili_multiclass,552,46188928,45,8,train,0
dili_multiclass,553,487101,45,8,train,0
dili_multiclass,554,49803313,45,8,train,0
dili_multiclass,555,50905713,45,8,train,0
dili_multiclass,556,50922675,45,8,train,0
dili_multiclass,557,54681908,45,8,train,0
dili_multiclass,558,54697325,45,8,train,0
dili_multiclass,559,54726192,45,8,train,0
dili_multiclass,560,58031952,45,8,train,0
dili_multiclass,561,58460047,45,8,train,0
dili_multiclass,562,644019,45,8,train,0
dili_multiclass,563,68165256,45,8,train,0
dili_multiclass,564,6918248,45,8,train,0
dili_multiclass,567,71657455,45,8,train,0
dili_multiclass,568,71731823,45,8,train,0
dili_multiclass,569,89683805,45,8,train,0
dili_multiclass,570,91669168,45,8,train,0
dili_multiclass,572,9883933,45,8,train,0
dili_multiclass,573,9931954,45,8,train,0
dili_multiclass,6,2554,45,8,test,2
dili_multiclass,14,3562,45,8,test,2
dili_multiclass,17,3767,45,8,test,2
dili_multiclass,20,4463,45,8,test,2
dili_multiclass,35,126941,45,8,test,2
dili_multiclass,37,441074,45,8,test,2
dili_multiclass,47,54675783,45,8,test,2
dili_multiclass,55,5760,45,8,test,2
dili_multiclass,74,3331,45,8,test,2
dili_multiclass,81,3899,45,8,test,2
dili_multiclass,96,5656,45,8,test,2
dili_multiclass,113,68617,45,8,test,2
dili_multiclass,117,152946,45,8,test,2
dili_multiclass,119,208908,45,8,test,2
dili_multiclass,144,2092,45,8,test,1
dili_multiclass,157,3446,45,8,test,1
dili_multiclass,169,4173,45,8,test,1
dili_multiclass,180,5073,45,8,test,1
dili_multiclass,184,6249,45,8,test,1
dili_multiclass,207,216237,45,8,test,1
dili_multiclass,218,5282379,45,8,test,1
dili_multiclass,226,6436030,45,8,test,1
dili_multiclass,235,54678486,45,8,test,1
dili_multiclass,239,108150,45,8,test,1
dili_multiclass,249,2405,45,8,test,0
dili_multiclass,266,3345,45,8,test,0
dili_multiclass,281,4497,45,8,test,0
dili_multiclass,285,4771,45,8,test,0
dili_multiclass,288,4927,45,8,test,0
dili_multiclass,294,5391,45,8,test,0
dili_multiclass,304,6256,45,8,test,0
dili_multiclass,320,26987,45,8,test,0
dili_multiclass,375,6436173,45,8,test,0
dili_multiclass,383,11963622,45,8,test,0
dili_multiclass,402,10413,45,8,test,0
dili_multiclass,407,11978813,45,8,test,0
dili_multiclass,416,163183936,45,8,test,0
dili_multiclass,420,23725625,45,8,test,0
dili_multiclass,422,25025298,45,8,test,0
dili_multiclass,440,65015,45,8,test,0
dili_multiclass,447,9913767,45,8,test,0
dili_multiclass,457,3826,45,8,test,0
dili_multiclass,463,4909,45,8,test,0
dili_multiclass,468,5572,45,8,test,0
dili_multiclass,471,6476,45,8,test,0
dili_multiclass,472,9444,45,8,test,0
dili_multiclass,486,99428,45,8,test,0
dili_multiclass,487,104741,45,8,test,0
dili_multiclass,490,129228,45,8,test,0
dili_multiclass,530,90311989,45,8,test,0
dili_multiclass,540,11154555,45,8,test,0
dili_multiclass,542,11511120,45,8,test,0
dili_multiclass,543,11671467,45,8,test,0
dili_multiclass,551,25166913,45,8,test,0
dili_multiclass,565,6918606,45,8,test,0
dili_multiclass,566,71496458,45,8,test,0
dili_multiclass,571,9829523,45,8,test,0
