dataset,seed,fold,model_name,n_train,n_test,class0_train,class1_train,class2_train,class0_test,class1_test,class2_test,fit_time_sec,predict_time_sec,accuracy,balanced_accuracy,macro_f1,macro_recall,weighted_f1,mcc,macro_auroc_ovr,macro_auprc_ovr,log_loss
dili_multiclass,42,1,orf_style,516,58,299,91,126,34,10,14,295.9804227743298,0.060663219541311264,0.5689655172413793,0.3941176470588235,0.35000000000000003,0.3941176470588235,0.49137931034482757,0.15010529703832645,0.6891247029114677,0.5596518681313251,0.9474055059657658
dili_multiclass,42,1,bworf_no_mi,516,58,299,91,126,34,10,14,309.0645937193185,0.06010229326784611,0.5689655172413793,0.5487394957983194,0.5212853850502239,0.5487394957983194,0.5863673372688791,0.3161454479991276,0.6647599949070537,0.5302493940953648,1.0169938839697088
dili_multiclass,42,1,bworf_mi,516,58,299,91,126,34,10,14,370.0527655147016,0.10027798637747765,0.5344827586206896,0.48207282913165267,0.47040415276232844,0.48207282913165267,0.5521614053929653,0.2408255293535674,0.652571407350819,0.5028610712126674,0.9891603724811373
dili_multiclass,42,2,orf_style,516,58,299,91,126,34,10,14,286.4857469070703,0.060221096500754356,0.5862068965517241,0.36134453781512604,0.3250544662309368,0.36134453781512604,0.4950191570881226,0.1279591843396459,0.6157862766318648,0.4190695164991012,0.9740950441164186
dili_multiclass,42,2,bworf_no_mi,516,58,299,91,126,34,10,14,304.7698557525873,0.05878058075904846,0.5344827586206896,0.39299719887955176,0.3918099918099918,0.39299719887955176,0.5122426501736846,0.12921249243334337,0.6525310881928529,0.4525788123450327,0.9575307339406012
dili_multiclass,42,2,bworf_mi,516,58,299,91,126,34,10,14,446.05922119505703,0.097669567912817,0.5172413793103449,0.4862745098039216,0.4684672815107598,0.4862745098039216,0.5336377265912498,0.2264582607632322,0.6672825948561242,0.5379464094190247,0.9553700742401134
dili_multiclass,42,3,orf_style,516,58,299,91,126,34,10,14,276.1328108496964,0.060993192717432976,0.5,0.3123249299719888,0.2884920634920635,0.3123249299719888,0.44166666666666676,-0.020023650774776205,0.6193216301672184,0.45147664384697134,1.0324097553070462
dili_multiclass,42,3,bworf_no_mi,516,58,299,91,126,34,10,14,281.2076571919024,0.05956745147705078,0.5517241379310345,0.5198879551820729,0.5014075178009604,0.5198879551820729,0.5641262826113024,0.27353023087071854,0.6059736015618369,0.4330433231447363,1.657330566019067
dili_multiclass,42,3,bworf_mi,516,58,299,91,126,34,10,14,309.00961431115866,0.0999743640422821,0.5,0.4294117647058824,0.419922913343966,0.4294117647058824,0.5050802947808393,0.15562770278146743,0.5759302584670232,0.44945954447006503,0.9993786900903806
dili_multiclass,42,4,orf_style,516,58,300,90,126,33,11,14,286.6947311926633,0.06191052682697773,0.4827586206896552,0.3304473304473305,0.31893837156995053,0.3304473304473305,0.4355018846851878,-0.012144852669911268,0.5476805286911669,0.39558395707075983,1.7311763902740296
dili_multiclass,42,4,bworf_no_mi,516,58,300,90,126,33,11,14,285.25606847181916,0.05901571549475193,0.41379310344827586,0.3376623376623377,0.34474244359301826,0.3376623376623377,0.43905844012859474,0.05908391889848873,0.5688794479751927,0.4403945156468973,1.1611342301716951
dili_multiclass,42,4,bworf_mi,516,58,300,90,126,33,11,14,454.3502330761403,0.09846365451812744,0.43103448275862066,0.34126984126984133,0.33902788987534754,0.34126984126984133,0.4515645728386815,0.08572747589150989,0.5912349943201006,0.45029502473742644,1.0209089929044823
dili_multiclass,42,5,orf_style,517,57,300,91,126,33,10,14,281.5812138635665,0.057962922379374504,0.5263157894736842,0.3494949494949495,0.30607364897178385,0.3494949494949495,0.43665836039165346,0.007379350008249888,0.5855071443208505,0.42153063757131015,1.033775735752826
dili_multiclass,42,5,bworf_no_mi,517,57,300,91,126,33,10,14,300.383469812572,0.059671249240636826,0.43859649122807015,0.413997113997114,0.4002886002886002,0.413997113997114,0.4654970760233918,0.13305681029744423,0.586437696395638,0.4230556536435163,1.1746660586195314
dili_multiclass,42,5,bworf_mi,517,57,300,91,126,33,10,14,335.81782247312367,0.09589674323797226,0.43859649122807015,0.3717171717171717,0.3583652618135376,0.3717171717171717,0.45244336895879544,0.09846076165385995,0.5621105972664607,0.44756567623984805,1.0525791405159795
dili_multiclass,42,6,orf_style,517,57,300,91,126,33,10,14,315.2679512836039,0.05923205986618996,0.5263157894736842,0.33997113997114,0.31097560975609756,0.33997113997114,0.44801026957638,0.004074190858041627,0.62553232842075,0.457863850528696,0.9976450502291712
dili_multiclass,42,6,bworf_no_mi,517,57,300,91,126,33,10,14,312.71427648328245,0.05918957106769085,0.49122807017543857,0.43896103896103894,0.43052631578947365,0.43896103896103894,0.516528162511542,0.20203464221220918,0.6210323469848457,0.46915685356982406,1.0729072692600299
dili_multiclass,42,6,bworf_mi,517,57,300,91,126,33,10,14,338.32111199200153,0.09589463099837303,0.49122807017543857,0.402020202020202,0.3949896342717878,0.402020202020202,0.5103503191344929,0.17793755212684395,0.5300634642173484,0.37899895891903707,1.0736221015513205
dili_multiclass,42,7,orf_style,517,57,300,91,126,33,10,14,274.5182226411998,0.05894165672361851,0.49122807017543857,0.31976911976911976,0.2956620060119688,0.31976911976911976,0.42946822670144374,-0.03130233895417311,0.5764147685473762,0.4632215236903215,1.1014107408134466
dili_multiclass,42,7,bworf_no_mi,517,57,300,91,126,33,10,14,292.61784230545163,0.06084178760647774,0.45614035087719296,0.441991341991342,0.42035742035742035,0.441991341991342,0.47536089641352797,0.16492019793163037,0.5269587530782484,0.418038213524803,1.2320537452924303
dili_multiclass,42,7,bworf_mi,517,57,300,91,126,33,10,14,280.86856923252344,0.10225554928183556,0.43859649122807015,0.3347763347763348,0.3222222222222222,0.3347763347763348,0.44853801169590635,0.07615114653409151,0.5611137320996301,0.43816190860065785,1.0498724163984239
dili_multiclass,42,8,orf_style,517,57,300,91,126,33,10,14,294.40092766471207,0.06022075563669205,0.543859649122807,0.3268398268398268,0.2751322751322751,0.3268398268398268,0.44082428292954606,0.007394132200657002,0.4590607662354322,0.3672119292735356,1.6801025428219825
dili_multiclass,42,8,bworf_no_mi,517,57,300,91,126,33,10,14,278.7350595612079,0.05899382568895817,0.40350877192982454,0.32409812409812405,0.32066182405165455,0.32409812409812405,0.42134998513232236,0.03031567243636254,0.46270215229270156,0.3677481827570059,1.7517569198411187
dili_multiclass,42,8,bworf_mi,517,57,300,91,126,33,10,14,320.720733853057,0.09903046488761902,0.38596491228070173,0.313997113997114,0.31030139451192085,0.313997113997114,0.38535880862750665,-0.061834953742428055,0.4915515692729943,0.4503907701406202,1.0762065990324403
dili_multiclass,42,9,orf_style,517,57,300,91,126,33,10,14,295.97013132832944,0.0599014088511467,0.45614035087719296,0.29956709956709954,0.2803412274000509,0.29956709956709954,0.40734188412206984,-0.07476215739036991,0.5171085278457866,0.34813913994545614,1.1371933825391096
dili_multiclass,42,9,bworf_no_mi,517,57,300,91,126,33,10,14,284.54175374656916,0.058834297582507133,0.3508771929824561,0.336075036075036,0.31502583438067305,0.336075036075036,0.3715902659875495,0.004016809367470014,0.5046382631241612,0.3451460751290711,1.262564638507303
dili_multiclass,42,9,bworf_mi,517,57,300,91,126,33,10,14,330.9009638968855,0.10010306164622307,0.42105263157894735,0.3806637806637807,0.37222222222222223,0.3806637806637807,0.43450292397660817,0.05755462416077625,0.5593479206665748,0.44333066215387973,1.0607203117168256
dili_multiclass,42,10,orf_style,517,57,300,91,126,33,10,14,288.8339834343642,0.05964287184178829,0.45614035087719296,0.29004329004329005,0.2630992196209588,0.29004329004329005,0.3989907880068064,-0.10936230194506025,0.4197557679002508,0.3404336062580466,1.250480061812456
dili_multiclass,42,10,bworf_no_mi,517,57,300,91,126,33,10,14,288.37256425991654,0.060464950278401375,0.42105263157894735,0.38484848484848483,0.37558471538788646,0.38484848484848483,0.43454225138205455,0.06690918347881689,0.45986428217996744,0.3640697603963486,1.286829090203083
dili_multiclass,42,10,bworf_mi,517,57,300,91,126,33,10,14,349.5414530504495,0.09768288768827915,0.38596491228070173,0.34141414141414145,0.32320214951793896,0.34141414141414145,0.3948740984752065,0.02049257775415292,0.5329023428602845,0.3899098447454669,1.1113964780209158
dili_multiclass,43,1,orf_style,516,58,299,91,126,34,10,14,285.798525204882,0.0594949834048748,0.5172413793103449,0.30812324929971985,0.2718253968253968,0.30812324929971985,0.4349343185550082,-0.038241391576870586,0.4911820409982175,0.35179525179240617,1.1674565825132701
dili_multiclass,43,1,bworf_no_mi,516,58,299,91,126,34,10,14,293.1138180848211,0.0599539615213871,0.46551724137931033,0.3397759103641456,0.3341437861985807,0.3397759103641456,0.4467156210188803,0.01238616225235652,0.5242421589848061,0.3721781039140957,1.1474223183791616
dili_multiclass,43,1,bworf_mi,516,58,299,91,126,34,10,14,404.0680695734918,0.09722387790679932,0.43103448275862066,0.39467787114845937,0.3579709427925923,0.39467787114845937,0.4294658439345113,0.09487919068783848,0.5255854235633647,0.3734728637533711,1.0530540643214574
dili_multiclass,43,2,orf_style,516,58,299,91,126,34,10,14,317.75378508493304,0.06080631539225578,0.603448275862069,0.44173669467787113,0.438634713144517,0.44173669467787113,0.5487191045000376,0.2119650381143692,0.6838606654783126,0.5058785916079686,0.9220709307390517
dili_multiclass,43,2,bworf_no_mi,516,58,299,91,126,34,10,14,312.28620819188654,0.05887068249285221,0.5517241379310345,0.515406162464986,0.5054545454545455,0.515406162464986,0.5578683385579938,0.23763557652805478,0.6751498705542822,0.5126478206725501,1.000543028840557
dili_multiclass,43,2,bworf_mi,516,58,299,91,126,34,10,14,349.4973136931658,0.10073204897344112,0.43103448275862066,0.3952380952380952,0.37960834397616,0.3952380952380952,0.44985687233011845,0.09123032675831938,0.6014193935149817,0.43732289052060275,1.0268213408840847
dili_multiclass,43,3,orf_style,516,58,299,91,126,34,10,14,320.5947861317545,0.05853790603578091,0.5689655172413793,0.38459383753501397,0.36097105508870214,0.38459383753501397,0.4914710711870955,0.10420467559135611,0.6187942980222392,0.46186102185686134,1.0226747222130976
dili_multiclass,43,3,bworf_no_mi,516,58,299,91,126,34,10,14,308.42476826533675,0.059306371957063675,0.43103448275862066,0.4047619047619047,0.376903460837887,0.4047619047619047,0.44214056905973237,0.08853674815812268,0.628342511246923,0.47198982237354353,1.099176355602437
dili_multiclass,43,3,bworf_mi,516,58,299,91,126,34,10,14,348.60192684084177,0.10096981190145016,0.5517241379310345,0.4683473389355743,0.46473756128928545,0.4683473389355743,0.561757148915294,0.2393440195844819,0.6061696269416857,0.4568653821224193,1.0203609991992442
dili_multiclass,43,4,orf_style,516,58,300,90,126,33,11,14,282.2406761497259,0.059430284425616264,0.5,0.31313131313131315,0.26930894308943093,0.31313131313131315,0.41226871320437347,-0.034236237260696106,0.5127892910871634,0.4035405964040717,1.118643469072357
dili_multiclass,43,4,bworf_no_mi,516,58,300,90,126,33,11,14,273.6303669642657,0.060033272951841354,0.39655172413793105,0.32756132756132755,0.332176829444589,0.32756132756132755,0.41574171280219896,0.020114295366844583,0.4908914371680329,0.3726380138479614,1.2107993578805694
dili_multiclass,43,4,bworf_mi,516,58,300,90,126,33,11,14,364.60413757525384,0.09757443517446518,0.5517241379310345,0.4862914862914863,0.4873496873496874,0.4862914862914863,0.5610091058366922,0.25179135009372355,0.6092396610481717,0.43265452559788836,1.0033385965772434
dili_multiclass,43,5,orf_style,517,57,300,91,126,33,10,14,311.2330894898623,0.06003887206315994,0.47368421052631576,0.28643578643578643,0.25555555555555554,0.28643578643578643,0.4105263157894737,-0.06141766707003923,0.635497555846393,0.4618813564338313,1.5887144812062113
dili_multiclass,43,5,bworf_no_mi,517,57,300,91,126,33,10,14,294.72826803289354,0.05804887041449547,0.543859649122807,0.5252525252525252,0.51059424283468,0.5252525252525252,0.5578867068657117,0.2594816030570014,0.662074706681337,0.47916643379795415,1.1000689796079597
dili_multiclass,43,5,bworf_mi,517,57,300,91,126,33,10,14,366.3327328674495,0.10010455921292305,0.5614035087719298,0.5395382395382397,0.5168035030103996,0.5395382395382397,0.5724598853455478,0.30349370065488185,0.6579965913464182,0.499836401924786,0.9801088664210456
dili_multiclass,43,6,orf_style,517,57,300,91,126,33,10,14,294.48441502451897,0.060472385957837105,0.5964912280701754,0.43102453102453103,0.434010434010434,0.43102453102453103,0.5476102844523897,0.20612493388719158,0.6061736447436595,0.4615756339247316,1.0166863297991724
dili_multiclass,43,6,bworf_no_mi,517,57,300,91,126,33,10,14,282.4957600925118,0.05912606045603752,0.45614035087719296,0.4240981240981241,0.41284548982339425,0.4240981240981241,0.46558544138917024,0.1046145592572262,0.5802114295805537,0.4546115277978104,1.136882963647943
dili_multiclass,43,6,bworf_mi,517,57,300,91,126,33,10,14,407.45681135356426,0.09616177342832088,0.40350877192982454,0.33362193362193365,0.3400455160890732,0.33362193362193365,0.43971089247619954,0.06696854376457236,0.529010484311078,0.42383925592109123,1.081776317520564
dili_multiclass,43,7,orf_style,517,57,300,91,126,33,10,14,283.37719447538257,0.059108003973960876,0.5263157894736842,0.33997113997114,0.3110107095046854,0.33997113997114,0.44470865919819624,-0.01553757732121953,0.5325418781010073,0.4085789626412579,1.1032768018528998
dili_multiclass,43,7,bworf_no_mi,517,57,300,91,126,33,10,14,293.41597429290414,0.06085962429642677,0.38596491228070173,0.3235209235209235,0.3249108713589588,0.3235209235209235,0.4034751771306273,-0.006153797603366247,0.5368878072923101,0.395913457023771,1.1871929021142802
dili_multiclass,43,7,bworf_mi,517,57,300,91,126,33,10,14,245.81392753869295,0.10066541470587254,0.43859649122807015,0.43722943722943725,0.42196816030487433,0.43722943722943725,0.45143977406174485,0.10157232045494244,0.6064640657416511,0.5340111406828213,1.019852404574652
dili_multiclass,43,8,orf_style,517,57,300,91,126,33,10,14,298.4517559725791,0.05986578017473221,0.543859649122807,0.3733044733044733,0.3476495726495727,0.3733044733044733,0.48144399460188936,0.10658320008693928,0.6204405271822392,0.4922129639137025,1.0453722070520162
dili_multiclass,43,8,bworf_no_mi,517,57,300,91,126,33,10,14,281.0498178433627,0.05934435315430164,0.47368421052631576,0.4341991341991342,0.42842712842712843,0.4341991341991342,0.5129566340092656,0.20159838988507453,0.6213913748117114,0.4817438687199021,1.07202946306484
dili_multiclass,43,8,bworf_mi,517,57,300,91,126,33,10,14,265.98948657140136,0.0990534070879221,0.40350877192982454,0.3747474747474748,0.35955831608005523,0.3747474747474748,0.44320947295775676,0.13384509787321586,0.5259431244896361,0.4158406471646267,1.0667696468092018
dili_multiclass,43,9,orf_style,517,57,300,91,126,33,10,14,303.2552137412131,0.06026603281497955,0.5614035087719298,0.33694083694083693,0.2847545219638243,0.33694083694083693,0.45012919896640824,0.03462617439580572,0.5946230703157966,0.4794803975761915,1.0494277415844258
dili_multiclass,43,9,bworf_no_mi,517,57,300,91,126,33,10,14,303.8022013679147,0.05963068641722202,0.49122807017543857,0.402020202020202,0.3972222222222222,0.402020202020202,0.49400584795321634,0.13121178149228002,0.5743999572549795,0.4489427041727197,1.0736785084055172
dili_multiclass,43,9,bworf_mi,517,57,300,91,126,33,10,14,314.9346554391086,0.1007607914507389,0.49122807017543857,0.4675324675324675,0.4477567667779014,0.4675324675324675,0.508752414963995,0.1931232637470305,0.7195836721875812,0.5520085075646979,0.9307217934138633
dili_multiclass,43,10,orf_style,517,57,300,91,126,33,10,14,266.14580068923533,0.05951840803027153,0.5263157894736842,0.3673881673881674,0.3606459330143541,0.3673881673881674,0.4850373541509276,0.07644557140813851,0.5114460442886964,0.42761127986100594,1.2262465731597383
dili_multiclass,43,10,bworf_no_mi,517,57,300,91,126,33,10,14,274.4531362056732,0.06005311571061611,0.3508771929824561,0.3033189033189033,0.3069525666016894,0.3033189033189033,0.38056154030299916,-0.017168529351823943,0.4832659700608735,0.4018985565829049,1.9281380092765459
dili_multiclass,43,10,bworf_mi,517,57,300,91,126,33,10,14,328.63455950282514,0.09961029700934887,0.49122807017543857,0.43477633477633476,0.4270548569345726,0.43477633477633476,0.5118174057341275,0.18247959130586425,0.6158553532069119,0.47735379195447764,0.9870439914214475
dili_multiclass,44,1,orf_style,516,58,299,91,126,34,10,14,291.94067116081715,0.06062125600874424,0.4827586206896552,0.28851540616246496,0.2539045069165551,0.28851540616246496,0.40820754281493793,-0.1114685395029587,0.513240599270011,0.3671093293309639,1.1558714046860326
dili_multiclass,44,1,bworf_no_mi,516,58,299,91,126,34,10,14,288.49192341044545,0.06056476756930351,0.3275862068965517,0.2988795518207283,0.2896103896103896,0.2988795518207283,0.35794894760412005,-0.028038450443638105,0.5023212694168576,0.3705393129642625,1.2447003140186716
dili_multiclass,44,1,bworf_mi,516,58,299,91,126,34,10,14,350.10488964803517,0.10372606664896011,0.4482758620689655,0.46610644257703077,0.42133983513293866,0.46610644257703077,0.4716006677956738,0.18875203594675563,0.6450004244121891,0.5040108832781516,1.0654727972296942
dili_multiclass,44,2,orf_style,516,58,299,91,126,34,10,14,293.85035570524633,0.06040334142744541,0.5,0.34033613445378147,0.3277893277893278,0.34033613445378147,0.4703562979425049,0.0540139976254162,0.6099211654358713,0.42468793479147476,1.636963495913268
dili_multiclass,44,2,bworf_no_mi,516,58,299,91,126,34,10,14,275.4439387843013,0.05935383960604668,0.4827586206896552,0.46162464985994395,0.42644204963045534,0.46162464985994395,0.5011511338347919,0.22779499076095572,0.5685513220439692,0.4022576262195337,1.170392948951857
dili_multiclass,44,2,bworf_mi,516,58,299,91,126,34,10,14,379.97436986491084,0.09948370046913624,0.3793103448275862,0.41232492997198883,0.35821424951859737,0.41232492997198883,0.3934064436313312,0.1449751935778789,0.5819285289873525,0.44245702955849314,1.0365087574002216
dili_multiclass,44,3,orf_style,516,58,299,91,126,34,10,14,293.510675907135,0.06026193127036095,0.5689655172413793,0.3515406162464986,0.31874145006839943,0.3515406162464986,0.47940940610406146,0.066791356171234,0.538264472455649,0.3856633251029781,1.0474446691928105
dili_multiclass,44,3,bworf_no_mi,516,58,299,91,126,34,10,14,308.501317800954,0.06085285171866417,0.3620689655172414,0.32296918767507005,0.31511523907808736,0.32296918767507005,0.3865414042204904,0.0029188459167024065,0.5176902958152959,0.3830912909865427,1.1231419972558172
dili_multiclass,44,3,bworf_mi,516,58,299,91,126,34,10,14,308.99944587238133,0.10222987271845341,0.3793103448275862,0.407843137254902,0.367124183006536,0.407843137254902,0.3925287356321839,0.09024935550285358,0.5856487670825906,0.44248932925442414,1.0406521717976773
dili_multiclass,44,4,orf_style,516,58,300,90,126,33,11,14,278.2417563404888,0.06001085601747036,0.5172413793103449,0.35064935064935066,0.3330419580419581,0.35064935064935066,0.4614932481311792,0.05624984394485219,0.5211791163918824,0.4030531567082109,1.7339571234551996
dili_multiclass,44,4,bworf_no_mi,516,58,300,90,126,33,11,14,292.3364722151309,0.059103719890117645,0.3448275862068966,0.2972582972582973,0.29646369533375183,0.2972582972582973,0.36248241227785355,-0.04747776718101455,0.5320612661570109,0.39684795632555975,1.271758921014241
dili_multiclass,44,4,bworf_mi,516,58,300,90,126,33,11,14,323.92999375239015,0.1003782544285059,0.43103448275862066,0.334054834054834,0.3345605306799337,0.334054834054834,0.4292211357008063,0.015996723886818786,0.5273244604095667,0.37991908504378075,1.071762247385212
dili_multiclass,44,5,orf_style,517,57,300,91,126,33,10,14,291.04986234009266,0.05958068184554577,0.5263157894736842,0.3304473304473305,0.30062811349361057,0.3304473304473305,0.45196812694504285,0.012325734634714019,0.6497599400617707,0.4837663698690095,1.0124127031032082
dili_multiclass,44,5,bworf_no_mi,517,57,300,91,126,33,10,14,286.39149960689247,0.059135692194104195,0.5614035087719298,0.5216450216450216,0.5120833333333333,0.5216450216450216,0.5680043859649122,0.26122144164606964,0.643745943566577,0.4760705194391371,1.081958974050012
dili_multiclass,44,5,bworf_mi,517,57,300,91,126,33,10,14,362.6248744223267,0.0985738504678011,0.5614035087719298,0.5079365079365079,0.5072502210433245,0.5079365079365079,0.5643166271115455,0.2433692610914193,0.6232822975400906,0.48656780540323136,0.9913176908692096
dili_multiclass,44,6,orf_style,517,57,300,91,126,33,10,14,292.10288185067475,0.05996369570493698,0.5614035087719298,0.415007215007215,0.4227864227864228,0.415007215007215,0.5379638011216958,0.17029425744919197,0.5490951312326869,0.4411685425060446,1.145450818580999
dili_multiclass,44,6,bworf_no_mi,517,57,300,91,126,33,10,14,280.7947196792811,0.058063333854079247,0.49122807017543857,0.43896103896103894,0.4300140252454418,0.43896103896103894,0.5046480155507985,0.17189475146335323,0.5498431125657746,0.4344892744728641,1.2025749217978277
dili_multiclass,44,6,bworf_mi,517,57,300,91,126,33,10,14,312.90044849179685,0.0954975038766861,0.49122807017543857,0.475901875901876,0.4505616128984012,0.475901875901876,0.5008206341671921,0.198952957782901,0.5567428722797352,0.4036089099713919,1.0799321181571748
dili_multiclass,44,7,orf_style,517,57,300,91,126,33,10,14,393.1422265674919,0.05902370437979698,0.5087719298245614,0.3203463203463204,0.2962962962962963,0.3203463203463204,0.4405458089668616,-0.028503261342776167,0.5596209229497205,0.43557383952510026,1.1025274182669274
dili_multiclass,44,7,bworf_no_mi,517,57,300,91,126,33,10,14,287.3122520279139,0.05823538824915886,0.43859649122807015,0.3305916305916306,0.3416666666666666,0.3305916305916306,0.45447368421052636,0.051508453282323584,0.545173831931625,0.42197584176708186,1.1563595990260576
dili_multiclass,44,7,bworf_mi,517,57,300,91,126,33,10,14,336.8275040797889,0.09864968992769718,0.49122807017543857,0.458008658008658,0.443593018305662,0.458008658008658,0.5129618426654119,0.19715717003939667,0.5513468281219395,0.40405662322345653,1.0300379002176003
dili_multiclass,44,8,orf_style,517,57,300,91,126,33,10,14,292.15328361839056,0.060514191165566444,0.5263157894736842,0.40014430014430014,0.40076394194041254,0.40014430014430014,0.4869821612855669,0.06874026497434224,0.5863177199767996,0.43838980917006776,1.0428755870345048
dili_multiclass,44,8,bworf_no_mi,517,57,300,91,126,33,10,14,279.23666320741177,0.0582560058683157,0.49122807017543857,0.4907647907647908,0.4584043284608256,0.4907647907647908,0.49978681795512003,0.19095596245529178,0.5978174097421994,0.4566035659080572,1.175055735359703
dili_multiclass,44,8,bworf_mi,517,57,300,91,126,33,10,14,368.918980313465,0.0992689672857523,0.3508771929824561,0.29797979797979796,0.26969967291109126,0.29797979797979796,0.3456187301438252,-0.06507351331239607,0.5372058840329498,0.40629452729164983,1.0250720572455416
dili_multiclass,44,9,orf_style,517,57,300,91,126,33,10,14,303.2035971879959,0.0588349923491478,0.5614035087719298,0.3834054834054834,0.3587811667877027,0.3834054834054834,0.48653632993158275,0.11012424987667749,0.6708899032501209,0.5070203431412684,0.9178167832709956
dili_multiclass,44,9,bworf_no_mi,517,57,300,91,126,33,10,14,323.3959720544517,0.06010441668331623,0.49122807017543857,0.44011544011544007,0.4269477382520861,0.44011544011544007,0.4861022120518688,0.11944311081520628,0.6737554082803959,0.5109550015666473,0.9813125591992545
dili_multiclass,44,9,bworf_mi,517,57,300,91,126,33,10,14,358.32243617251515,0.09754014387726784,0.45614035087719296,0.3776334776334777,0.37548661487540946,0.3776334776334777,0.46620164652512075,0.08828196553550295,0.6041965477207931,0.4703805360716448,1.000159574022128
dili_multiclass,44,10,orf_style,517,57,300,91,126,33,10,14,310.0019637309015,0.05995444022119045,0.5964912280701754,0.3803751803751804,0.34378851123037174,0.3803751803751804,0.4905836445616128,0.16196113830296222,0.6106705767888351,0.4833467464518979,1.0062683838243671
dili_multiclass,44,10,bworf_no_mi,517,57,300,91,126,33,10,14,319.4293491765857,0.06018774211406708,0.5263157894736842,0.4645021645021645,0.45709401709401704,0.4645021645021645,0.5365721997300944,0.20925242705555008,0.6409043814597996,0.52680110820559,1.0224586225333192
dili_multiclass,44,10,bworf_mi,517,57,300,91,126,33,10,14,295.4060878753662,0.09825370833277702,0.5087719298245614,0.43116883116883115,0.42782665363310524,0.43116883116883115,0.5219083877827511,0.18194404896651226,0.6315666799709353,0.4796061770506406,0.9948434808745034
dili_multiclass,45,1,orf_style,516,58,299,91,126,34,10,14,291.1941721588373,0.06029628403484821,0.4827586206896552,0.3120448179271708,0.29557685113240667,0.3120448179271708,0.42479912594855124,-0.0806492652018746,0.5862753055767761,0.44998549413654426,1.0481060429170324
dili_multiclass,45,1,bworf_no_mi,516,58,299,91,126,34,10,14,281.4997327718884,0.05928386561572552,0.41379310344827586,0.37142857142857144,0.3570381231671554,0.37142857142857144,0.43040246738800686,0.054792101751900975,0.5909841588150412,0.4709024845138176,1.1450252090720365
dili_multiclass,45,1,bworf_mi,516,58,299,91,126,34,10,14,358.33547119796276,0.10015902109444141,0.5,0.415406162464986,0.4146520489755123,0.415406162464986,0.5145643772941115,0.16185523661504364,0.6091773830744419,0.4825262216987663,1.0171344111664036
dili_multiclass,45,2,orf_style,516,58,299,91,126,34,10,14,288.43470931984484,0.059970391914248466,0.46551724137931033,0.2647058823529412,0.2142857142857143,0.2647058823529412,0.3768472906403941,-0.17474322522242797,0.5843171738392327,0.40645661255228477,1.0801866825507211
dili_multiclass,45,2,bworf_no_mi,516,58,299,91,126,34,10,14,291.548856260255,0.060324527323246,0.4482758620689655,0.4330532212885154,0.4124794745484401,0.4330532212885154,0.4692373025310005,0.1401680428113969,0.5459389058653765,0.3964083944557713,1.2003920761463365
dili_multiclass,45,2,bworf_mi,516,58,299,91,126,34,10,14,349.4004567563534,0.10182081162929535,0.39655172413793105,0.38459383753501397,0.3572754572754573,0.38459383753501397,0.410231861956,0.07707247382730177,0.5500305046260928,0.4261814658120942,1.0564964926925442
dili_multiclass,45,3,orf_style,516,58,299,91,126,34,10,14,255.44044025987387,0.06050817295908928,0.43103448275862066,0.27310924369747897,0.25041625041625043,0.27310924369747897,0.38733680112990454,-0.13013280677177663,0.5164207728545964,0.36294911051031087,1.1366326952915073
dili_multiclass,45,3,bworf_no_mi,516,58,299,91,126,34,10,14,270.7668253034353,0.060335539281368256,0.3620689655172414,0.33249299719887954,0.3233771405814416,0.33249299719887954,0.37457257034565156,-0.04269547184569267,0.5337306892453951,0.3665471705910724,1.2001841468825278
dili_multiclass,45,3,bworf_mi,516,58,299,91,126,34,10,14,291.99652944877744,0.0989243071526289,0.39655172413793105,0.3330532212885154,0.32680652680652683,0.3330532212885154,0.4310103689414035,0.07391361876784626,0.5640493697478992,0.44249354146700287,1.0273951342078316
dili_multiclass,45,4,orf_style,516,58,300,90,126,33,11,14,293.95445416867733,0.06036522425711155,0.5517241379310345,0.37806637806637805,0.3429535864978903,0.37806637806637805,0.4805587079877783,0.11651197501888,0.48366153940622025,0.37982766526285144,1.1416896414549862
dili_multiclass,45,4,bworf_no_mi,516,58,300,90,126,33,11,14,287.36676536872983,0.060317523777484894,0.3793103448275862,0.3037518037518038,0.3118996415770609,0.3037518037518038,0.40481646273637373,0.005406719636045045,0.5031128150809002,0.41090360950377686,1.1927135634954316
dili_multiclass,45,4,bworf_mi,516,58,300,90,126,33,11,14,287.2908137422055,0.10291153937578201,0.29310344827586204,0.2871572871572871,0.28102461435794773,0.2871572871572871,0.32110757972826937,-0.05302667966274241,0.5223127168339934,0.3998570854141456,1.0829282352509222
dili_multiclass,45,5,orf_style,517,57,300,91,126,33,10,14,311.72082596831024,0.05990095995366573,0.5614035087719298,0.4245310245310245,0.4286076357687611,0.4245310245310245,0.5335385190008961,0.1679694486992665,0.683840841201059,0.5752578263924697,0.9878883648051824
dili_multiclass,45,5,bworf_no_mi,517,57,300,91,126,33,10,14,314.10183245688677,0.058831486850976944,0.6140350877192983,0.5835497835497835,0.5606140350877192,0.5835497835497835,0.636241920590951,0.4025615632138795,0.7034583244380374,0.6060235899137417,1.0222954255547023
dili_multiclass,45,5,bworf_mi,517,57,300,91,126,33,10,14,342.37628808803856,0.09468743577599525,0.5263157894736842,0.4264069264069264,0.4059787849566056,0.4264069264069264,0.5286504593209156,0.21632142876449106,0.5687130279967983,0.41526068419230816,1.0584549309740514
dili_multiclass,45,6,orf_style,517,57,300,91,126,33,10,14,292.5748945530504,0.059180088341236115,0.49122807017543857,0.2828282828282828,0.22764227642276424,0.2828282828282828,0.3953786906290116,-0.08354883306396432,0.5875631476757158,0.4189873150595939,1.6469755959028407
dili_multiclass,45,6,bworf_no_mi,517,57,300,91,126,33,10,14,278.9852581433952,0.05849810130894184,0.49122807017543857,0.3746031746031746,0.3774250440917107,0.3746031746031746,0.49364151118537086,0.11515815616712714,0.5909484533371222,0.4260887946166647,1.1010178637749417
dili_multiclass,45,6,bworf_mi,517,57,300,91,126,33,10,14,363.43480948731303,0.10142297483980656,0.631578947368421,0.5936507936507937,0.5767030431229268,0.5936507936507937,0.6398579015684974,0.3956452165423586,0.6811673228360512,0.5231599033111394,0.9717562664763613
dili_multiclass,45,7,orf_style,517,57,300,91,126,33,10,14,257.2236504536122,0.05915623530745506,0.5614035087719298,0.39711399711399714,0.38746438746438744,0.39711399711399714,0.5092217723796671,0.13901449029601293,0.5647058489277688,0.41199961476512775,1.146665103427822
dili_multiclass,45,7,bworf_no_mi,517,57,300,91,126,33,10,14,265.9853822197765,0.058903368189930916,0.3508771929824561,0.34978354978354975,0.32621758380771665,0.34978354978354975,0.37968973667565503,0.04393782802216041,0.5702423286849313,0.41164410081302033,1.200353076318407
dili_multiclass,45,7,bworf_mi,517,57,300,91,126,33,10,14,365.9338963665068,0.09691964089870453,0.5263157894736842,0.5056277056277056,0.4844547423258068,0.5056277056277056,0.539454355756731,0.24751274487292182,0.6602638386408797,0.49325298856352706,1.0063610428749206
dili_multiclass,45,8,orf_style,517,57,300,91,126,33,10,14,284.8601902909577,0.05990612134337425,0.5087719298245614,0.32987012987012987,0.30453216374269004,0.32987012987012987,0.44003539550630966,-0.013250490461258762,0.5438911570405881,0.39880224790150876,1.109085819853913
dili_multiclass,45,8,bworf_no_mi,517,57,300,91,126,33,10,14,280.9577849339694,0.05973074771463871,0.43859649122807015,0.3633477633477633,0.35975135975135974,0.3633477633477633,0.43786038522880627,0.025695990389290255,0.5163433985242496,0.36924020403254126,1.2124679079013871
dili_multiclass,45,8,bworf_mi,517,57,300,91,126,33,10,14,338.55435610190034,0.09843460284173489,0.47368421052631576,0.4014430014430015,0.39838056680161943,0.4014430014430015,0.4736415938632006,0.09008713088336501,0.5718248910727881,0.5270019783276712,1.0351280430497978
dili_multiclass,45,9,orf_style,517,57,300,91,126,33,10,14,311.0931173376739,0.060007158666849136,0.5789473684210527,0.4072150072150072,0.3990740740740741,0.4072150072150072,0.5201267056530214,0.16492894767431496,0.6395532008904102,0.47210991524190477,1.0108162526483873
dili_multiclass,45,9,bworf_no_mi,517,57,300,91,126,33,10,14,296.90637800842524,0.058801447972655296,0.5087719298245614,0.42164502164502166,0.4222132034632035,0.42164502164502166,0.5170952950558214,0.16478292887171261,0.6181255279164729,0.45146749322747626,1.060204007559062
dili_multiclass,45,9,bworf_mi,517,57,300,91,126,33,10,14,304.201275292784,0.09587417729198933,0.47368421052631576,0.3782106782106782,0.3736077481840194,0.3782106782106782,0.49426107641986317,0.14746776252942456,0.6360095470622438,0.4815124830001772,0.994003302297789
dili_multiclass,45,10,orf_style,517,57,300,91,126,33,10,14,302.7075370699167,0.05956627056002617,0.5263157894736842,0.3304473304473305,0.3029535864978903,0.3304473304473305,0.45951587830335333,0.041030579127615284,0.5350635249076614,0.3995133395763057,1.0547694205285147
dili_multiclass,45,10,bworf_no_mi,517,57,300,91,126,33,10,14,307.5566407684237,0.058892667293548584,0.3508771929824561,0.392063492063492,0.32500239788438084,0.392063492063492,0.3489444621130662,0.029287491247229083,0.5311569727576655,0.37913215534096434,1.171475286594758
dili_multiclass,45,10,bworf_mi,517,57,300,91,126,33,10,14,326.4223081432283,0.09776054322719574,0.40350877192982454,0.36103896103896105,0.35292159939143253,0.36103896103896105,0.4304589029269794,0.07772675970665692,0.4958631281120148,0.3749371012041493,1.0439852218799128
dili_multiclass,46,1,orf_style,516,58,299,91,126,34,10,14,274.1635278556496,0.05901479907333851,0.5344827586206896,0.3414565826330532,0.31420373027259685,0.3414565826330532,0.4633156879236135,0.039013593548241174,0.5442725575078516,0.40756657978447786,1.1245059019990078
dili_multiclass,46,1,bworf_no_mi,516,58,299,91,126,34,10,14,281.33739387243986,0.060375794768333435,0.46551724137931033,0.41484593837535017,0.404265873015873,0.41484593837535017,0.47778119868637114,0.11443250669670582,0.5391997708174179,0.4082672429595045,1.2191105127676511
dili_multiclass,46,1,bworf_mi,516,58,299,91,126,34,10,14,353.4241568520665,0.10116845555603504,0.3793103448275862,0.29523809523809524,0.3037529264975957,0.29523809523809524,0.41336817817276333,0.01367085810921168,0.5556608628299804,0.3999321338668187,1.0344302473262068
dili_multiclass,46,2,orf_style,516,58,299,91,126,34,10,14,292.8201869688928,0.06123705767095089,0.5862068965517241,0.4128851540616247,0.4130952380952381,0.4128851540616247,0.5399425287356321,0.17353830671472711,0.5592198242933537,0.45037491165747284,1.6470695054526554
dili_multiclass,46,2,bworf_no_mi,516,58,299,91,126,34,10,14,291.6552569717169,0.06023286283016205,0.4482758620689655,0.4235294117647059,0.40704191033138404,0.4235294117647059,0.47301623311151436,0.14748831443660984,0.560650623885918,0.4314391975816953,1.154778357947071
dili_multiclass,46,2,bworf_mi,516,58,299,91,126,34,10,14,312.12247021496296,0.09602155908942223,0.46551724137931033,0.3722689075630252,0.38105413105413105,0.3722689075630252,0.4823902151488358,0.09625151347362977,0.5860296770223242,0.45413262016652006,1.0377867531985765
dili_multiclass,46,3,orf_style,516,58,299,91,126,34,10,14,281.1603804640472,0.06036352925002575,0.5,0.3123249299719888,0.2888888888888889,0.3123249299719888,0.4390804597701149,-0.034571434414424805,0.4758896740514387,0.3366976595620632,1.1801397749215092
dili_multiclass,46,3,bworf_no_mi,516,58,299,91,126,34,10,14,280.85329451598227,0.05901510827243328,0.41379310344827586,0.40392156862745093,0.38431821652160636,0.40392156862745093,0.4212567330626945,0.059744244614192046,0.5061728100331041,0.35306568133696653,1.1980502857249278
dili_multiclass,46,3,bworf_mi,516,58,299,91,126,34,10,14,367.97710743546486,0.09771180339157581,0.4827586206896552,0.48067226890756304,0.4502250299351749,0.48067226890756304,0.5063792889879847,0.22779499076095572,0.701985453272218,0.5542109251773862,0.9479472071046359
dili_multiclass,46,4,orf_style,516,58,300,90,126,33,11,14,289.7186285331845,0.05976995453238487,0.5172413793103449,0.3167388167388167,0.26996876394466757,0.3167388167388167,0.42441028481743065,-0.00783487357712386,0.5714590433207455,0.4197878649475961,1.0472027218867768
dili_multiclass,46,4,bworf_no_mi,516,58,300,90,126,33,11,14,312.56335431337357,0.059353120625019073,0.3793103448275862,0.3852813852813853,0.3613142923487751,0.3852813852813853,0.392966526141318,0.05684739609745736,0.5844412974732124,0.42643627245337373,1.1330939558915905
dili_multiclass,46,4,bworf_mi,516,58,300,90,126,33,11,14,325.37390265986323,0.0961543619632721,0.43103448275862066,0.3751803751803752,0.36798088410991636,0.3751803751803752,0.4346187121493016,0.0547130434720751,0.613655322219152,0.48421031645428964,1.0239315800434305
dili_multiclass,46,5,orf_style,517,57,300,91,126,33,10,14,259.2085912376642,0.059865958988666534,0.49122807017543857,0.29653679653679654,0.26008771929824565,0.29653679653679654,0.4166435826408126,-0.05521037692191151,0.5376595917231741,0.396673216423683,1.1104657676007603
dili_multiclass,46,5,bworf_no_mi,517,57,300,91,126,33,10,14,266.4577474389225,0.060831205919384956,0.38596491228070173,0.35209235209235207,0.30983397190293743,0.35209235209235207,0.3927135847281038,0.04502482440203162,0.5446738835778916,0.4209667718086118,1.1811993131358944
dili_multiclass,46,5,bworf_mi,517,57,300,91,126,33,10,14,292.10302483662963,0.09474172070622444,0.49122807017543857,0.4115440115440116,0.4117965367965368,0.4115440115440116,0.4990031897926635,0.13487010420391765,0.5313210656790567,0.3837945398263713,1.0725720016367897
dili_multiclass,46,6,orf_style,517,57,300,91,126,33,10,14,299.8061761017889,0.059941014274954796,0.5087719298245614,0.334054834054834,0.31444444444444447,0.334054834054834,0.46280701754385967,0.04836133901512158,0.5856969235247316,0.4250486293048168,1.0964199104246648
dili_multiclass,46,6,bworf_no_mi,517,57,300,91,126,33,10,14,302.8619303405285,0.06025492772459984,0.40350877192982454,0.36103896103896105,0.3508281573498964,0.36103896103896105,0.4248719625149831,0.06454250067785876,0.5900608247837342,0.41976873072382287,1.1391787214147104
dili_multiclass,46,6,bworf_mi,517,57,300,91,126,33,10,14,358.60627929866314,0.10136734880506992,0.3684210526315789,0.33665223665223665,0.32760141093474426,0.33665223665223665,0.399192425508215,0.035882497795842884,0.5801185436514482,0.41672733374682264,1.0093040430402072
dili_multiclass,46,7,orf_style,517,57,300,91,126,33,10,14,291.0207296721637,0.05896477587521076,0.5263157894736842,0.33997113997114,0.3131594418144125,0.33997113997114,0.45117667463004485,0.012325734634714019,0.5943149569015477,0.3930456139783778,1.0327419630852066
dili_multiclass,46,7,bworf_no_mi,517,57,300,91,126,33,10,14,299.98267501592636,0.059521911665797234,0.43859649122807015,0.3770562770562771,0.37333930437378715,0.3770562770562771,0.44642955350759345,0.05465548467868846,0.5858922570822621,0.39504502422979026,1.1187617033716701
dili_multiclass,46,7,bworf_mi,517,57,300,91,126,33,10,14,371.85556304082274,0.0966347474604845,0.45614035087719296,0.38181818181818183,0.36534181240063596,0.38181818181818183,0.4609432962374139,0.10459369595084075,0.5462051180259988,0.39061996447746977,1.0407861526944124
dili_multiclass,46,8,orf_style,517,57,300,91,126,33,10,14,300.8700154479593,0.058441584929823875,0.5614035087719298,0.39711399711399714,0.3887923664543173,0.39711399711399714,0.5071709637293366,0.13090069017199665,0.6380075733180632,0.5101599386330785,0.9961219999204751
dili_multiclass,46,8,bworf_no_mi,517,57,300,91,126,33,10,14,319.85635492764413,0.05889216437935829,0.543859649122807,0.5347763347763348,0.5064664538656357,0.5347763347763348,0.5588369611255581,0.28064245940343113,0.6778746115522463,0.5388851225300345,1.03015858950657
dili_multiclass,46,8,bworf_mi,517,57,300,91,126,33,10,14,393.775934625417,0.09303827583789825,0.42105263157894735,0.42178932178932177,0.3908108108108108,0.42178932178932177,0.4377904220009483,0.13487520520600269,0.6156830254430452,0.46819373570787937,1.0068295497436481
dili_multiclass,46,9,orf_style,517,57,300,91,126,33,10,14,277.86692383512855,0.05918682552874088,0.5087719298245614,0.3203463203463204,0.2913752913752914,0.3203463203463204,0.4454668138878666,0.010956807116927127,0.5031923729412596,0.39098890137574255,1.122664529371981
dili_multiclass,46,9,bworf_no_mi,517,57,300,91,126,33,10,14,269.48085170425475,0.06037729047238827,0.49122807017543857,0.3841269841269841,0.384961638692982,0.3841269841269841,0.48919466672805245,0.10618056248232194,0.5042327209323746,0.4141245790469552,1.1827022398192055
dili_multiclass,46,9,bworf_mi,517,57,300,91,126,33,10,14,365.41873218491673,0.09187343716621399,0.3684210526315789,0.29437229437229434,0.28992628992628994,0.29437229437229434,0.39544807965860596,0.014685684837768664,0.5233587108092305,0.415330897376927,1.1125424335578107
dili_multiclass,46,10,orf_style,517,57,300,91,126,33,10,14,300.12021179124713,0.05967862345278263,0.6140350877192983,0.42207792207792205,0.4046797084771769,0.42207792207792205,0.5513496053136293,0.23832462612836347,0.6689741361685942,0.49612917890476343,0.9533387347048629
dili_multiclass,46,10,bworf_no_mi,517,57,300,91,126,33,10,14,300.01990038715303,0.059101345017552376,0.5087719298245614,0.4627705627705628,0.4431372549019608,0.4627705627705628,0.5124871001031992,0.1968632833701304,0.6678440884898084,0.4860906435679328,1.0062686484752823
dili_multiclass,46,10,bworf_mi,517,57,300,91,126,33,10,14,356.7522200252861,0.09851479716598988,0.42105263157894735,0.43549783549783544,0.3972848596410492,0.43549783549783544,0.4226269770145567,0.11853024914955496,0.6461072043209599,0.4587951707786336,0.9836865909299806
